{
    "plugin-font-family": "\"Segoe UI\"",
    "plugin-font-size": "9pt",
    "plugin-font-weight": "normal",
    "plugin-color": "#CCC",
    "plugin-background-color": "rgb(30, 30, 30)",
    "plugin-inactive-color": "#656565",
    "plugin-link-color": "#0097FB",
    "plugin-link-hover-color": "#55AAFF",
    "plugin-link-active-color": "#55AAFF",
    "plugin-table-header-color": "#F1F1F1",
    "plugin-table-header-background-color": "#2D2D30",
    "plugin-table-border-color": "#000000",
    "plugin-highlight-color": "#FFFFFF",
    "plugin-highlight-background-color": "#3399FF",
    "plugin-scrollbar-background-color": "#3E3E42",
    "plugin-scrollbar-arrow-color": "#999999",
    "plugin-scrollbar-face-color": "#686868",
    "plugin-textbox-border-color": "#3F3F46",
    "plugin-textbox-background-color": "#3F3F46",
    "plugin-textbox-color": "#F1F1F1",
    "plugin-textbox-disabled-background-color": "#2D2D30",
    "plugin-textbox-disabled-border-color": "#434346",
    "plugin-textbox-disabled-color": "#656565",
    "plugin-treeview-content-inactive-selected-background-color": "#3F3F46",
    "plugin-treeview-content-inactive-selected-color": "#F1F1F1",
    "plugin-treeview-content-selected-background-color": "#3399FF",
    "plugin-treeview-content-selected-color": "#FFFFFF",
    "plugin-treeview-content-selected-border-color": "#3399FF",
    "plugin-treeview-content-background-color": "#252526",
    "plugin-treeview-content-color": "#F1F1F1",
    "plugin-treeview-content-mouseover-background-color": "#3F3F40",
    "plugin-treeview-content-mouseover-color": "#F1F1F1"
}